Question,Answer
What are the benefits of regular exercise?,"Regular exercise improves heart health, builds muscle, boosts mood, and helps in weight management."
How often should I work out?,"It depends on your goals, but generally, 3-5 days a week is recommended."
What is the best time to exercise?,"Any time that fits your schedule, but mornings can boost energy levels for the day."
How long should my workouts be?,"Workouts should be at least 30 minutes, but it depends on your fitness level and goals."
What exercises are best for weight loss?,"Cardio exercises like running, cycling, and HIIT are great for weight loss."
How can I gain muscle mass?,"Focus on strength training, eat a protein-rich diet, and ensure proper recovery."
What are the best foods for muscle growth?,"Lean meats, eggs, dairy, legumes, and protein supplements if necessary."
How much water should I drink daily?,"Aim for at least 2-3 liters per day, more if you're exercising."
What are some good warm-up exercises?,"Jumping jacks, arm circles, leg swings, and stretching are good warm-ups."
Is cardio better than weight training?,"Both are important; cardio burns calories, while weight training builds muscle."
Can I exercise every day?,"Yes, but balance it with rest days to allow muscle recovery."
What is BMI and why is it important?,BMI (Body Mass Index) helps assess body weight relative to height.
How do I calculate my BMI?,BMI = weight (kg) / height (m)^2.
What are the different BMI categories?,"Underweight: <18.5, Normal: 18.5-24.9, Overweight: 25-29.9, Obese: 30+."
What is the best diet for weight loss?,A balanced diet with a calorie deficit is key for weight loss.
How many calories should I eat daily?,"It depends on factors like age, activity level, and goals."
What is the role of protein in fitness?,Protein helps build and repair muscles after workouts.
Should I take supplements for fitness?,"Supplements are not necessary if you have a balanced diet, but they can help."
How can I stay motivated to work out?,"Set realistic goals, track progress, and mix up workouts."
What are the common mistakes in the gym?,"Skipping warm-ups, using incorrect form, and not resting properly."
How can I avoid injuries while working out?,"Warm up, use proper form, and listen to your body."
What are the benefits of strength training?,"Strength training builds muscle, burns fat, and strengthens bones."
What is HIIT and how does it work?,HIIT (High-Intensity Interval Training) involves short bursts of intense exercise.
Can I lose belly fat with exercise alone?,"Exercise helps, but diet plays a crucial role in reducing belly fat."
How can I improve my stamina?,Increase endurance with consistent training and proper nutrition.
What is the best way to recover after a workout?,"Rest, hydrate, and consume protein and carbohydrates post-workout."
How important is sleep for fitness?,Sleep is essential for muscle recovery and overall health.
Should I eat before or after a workout?,Both are important. Eating a balanced meal post-workout aids recovery.
What are some post-workout meals?,"Protein-rich foods like chicken, eggs, and nuts aid muscle recovery."
How can I improve my flexibility?,Stretch regularly and incorporate yoga into your routine.
Is yoga good for fitness?,"Yes, yoga improves flexibility, balance, and mental health."
What is the difference between dynamic and static stretching?,"Dynamic stretching is done before workouts, while static stretching is for cool-downs."
How can I track my fitness progress?,"Track weight, progress photos, and workout performance."
What is the best way to build core strength?,"Planks, crunches, and leg raises strengthen the core."
How can I stay fit at home?,Bodyweight exercises like push-ups and squats can be effective.
What are the best exercises for seniors?,Low-impact exercises like walking and stretching are great for seniors.
How can I start a workout routine as a beginner?,"Start slow, set goals, and choose enjoyable exercises."
What are some good exercises for back pain?,"Stretching, core strengthening, and good posture can help."
Is it okay to work out when I'm sick?,"It's best to rest, but light movement may help recovery."
Can exercise help with mental health?,"Yes, exercise boosts endorphins, reducing stress and anxiety."
How does exercise affect stress levels?,Exercise lowers cortisol and improves mood.
What are the benefits of resistance bands?,Resistance bands provide varied resistance and are easy to use.
What is the best way to train for a marathon?,Follow a structured plan and gradually increase endurance.
How can I prevent muscle soreness?,"Stay hydrated, stretch, and use foam rolling."
What is the role of carbohydrates in fitness?,Carbs provide energy for workouts and recovery.
Are cheat meals okay in a fitness plan?,Cheat meals are fine in moderation and can prevent cravings.
How can I maintain my fitness while traveling?,Bodyweight workouts and hotel gyms can help maintain fitness.
What are some effective bodyweight exercises?,"Push-ups, squats, and lunges are effective bodyweight exercises."
How important is rest between sets?,Rest between sets allows muscle recovery and optimal performance.
What is the best way to lose weight without exercise?,"A calorie deficit is key, but exercise accelerates weight loss."
How do I know if Iâ€™m overtraining?,"Fatigue, mood swings, and prolonged muscle soreness indicate overtraining."
What are some healthy snack options for fitness?,"Nuts, yogurt, fruits, and protein bars are great options."
How does strength training affect metabolism?,Strength training increases metabolism by building muscle.
